--
-- PostgreSQL database dump
--

-- Dumped from database version 15.2 (Ubuntu 15.2-1.pgdg22.04+1)
-- Dumped by pg_dump version 15.2 (Ubuntu 15.2-1.pgdg22.04+1)

SET statement_timeout = 0;
SET lock_timeout = 0;
SET idle_in_transaction_session_timeout = 0;
SET client_encoding = 'UTF8';
SET standard_conforming_strings = on;
SELECT pg_catalog.set_config('search_path', '', false);
SET check_function_bodies = false;
SET xmloption = content;
SET client_min_messages = warning;
SET row_security = off;

SET default_tablespace = '';

SET default_table_access_method = heap;

--
-- Name: about_about; Type: TABLE; Schema: public; Owner: 'pfolio-backend-user-2'
--

D:\Dropbox-live\Dropbox\000-Projects\clients\heidless-portfolio\DB Dumps

CREATE TABLE public.about_about (
    id bigint NOT NULL,
    title character varying(50) NOT NULL,
    description character varying(250) NOT NULL,
    icon character varying(30) NOT NULL
);


ALTER TABLE public.about_about OWNER TO 'pfolio-backend-user-2';

--
-- Name: about_about_id_seq; Type: SEQUENCE; Schema: public; Owner: 'pfolio-backend-user-2'
--

ALTER TABLE public.about_about ALTER COLUMN id ADD GENERATED BY DEFAULT AS IDENTITY (
    SEQUENCE NAME public.about_about_id_seq
    START WITH 1
    INCREMENT BY 1
    NO MINVALUE
    NO MAXVALUE
    CACHE 1
);


--
-- Name: auth_group; Type: TABLE; Schema: public; Owner: 'pfolio-backend-user-2'
--

CREATE TABLE public.auth_group (
    id integer NOT NULL,
    name character varying(150) NOT NULL
);


ALTER TABLE public.auth_group OWNER TO 'pfolio-backend-user-2';

--
-- Name: auth_group_id_seq; Type: SEQUENCE; Schema: public; Owner: 'pfolio-backend-user-2'
--

ALTER TABLE public.auth_group ALTER COLUMN id ADD GENERATED BY DEFAULT AS IDENTITY (
    SEQUENCE NAME public.auth_group_id_seq
    START WITH 1
    INCREMENT BY 1
    NO MINVALUE
    NO MAXVALUE
    CACHE 1
);


--
-- Name: auth_group_permissions; Type: TABLE; Schema: public; Owner: 'pfolio-backend-user-2'
--

CREATE TABLE public.auth_group_permissions (
    id bigint NOT NULL,
    group_id integer NOT NULL,
    permission_id integer NOT NULL
);


ALTER TABLE public.auth_group_permissions OWNER TO 'pfolio-backend-user-2';

--
-- Name: auth_group_permissions_id_seq; Type: SEQUENCE; Schema: public; Owner: 'pfolio-backend-user-2'
--

ALTER TABLE public.auth_group_permissions ALTER COLUMN id ADD GENERATED BY DEFAULT AS IDENTITY (
    SEQUENCE NAME public.auth_group_permissions_id_seq
    START WITH 1
    INCREMENT BY 1
    NO MINVALUE
    NO MAXVALUE
    CACHE 1
);


--
-- Name: auth_permission; Type: TABLE; Schema: public; Owner: 'pfolio-backend-user-2'
--

CREATE TABLE public.auth_permission (
    id integer NOT NULL,
    name character varying(255) NOT NULL,
    content_type_id integer NOT NULL,
    codename character varying(100) NOT NULL
);


ALTER TABLE public.auth_permission OWNER TO 'pfolio-backend-user-2';

--
-- Name: auth_permission_id_seq; Type: SEQUENCE; Schema: public; Owner: 'pfolio-backend-user-2'
--

ALTER TABLE public.auth_permission ALTER COLUMN id ADD GENERATED BY DEFAULT AS IDENTITY (
    SEQUENCE NAME public.auth_permission_id_seq
    START WITH 1
    INCREMENT BY 1
    NO MINVALUE
    NO MAXVALUE
    CACHE 1
);


--
-- Name: auth_user; Type: TABLE; Schema: public; Owner: 'pfolio-backend-user-2'
--

CREATE TABLE public.auth_user (
    id integer NOT NULL,
    password character varying(128) NOT NULL,
    last_login timestamp with time zone,
    is_superuser boolean NOT NULL,
    username character varying(150) NOT NULL,
    first_name character varying(150) NOT NULL,
    last_name character varying(150) NOT NULL,
    email character varying(254) NOT NULL,
    is_staff boolean NOT NULL,
    is_active boolean NOT NULL,
    date_joined timestamp with time zone NOT NULL
);


ALTER TABLE public.auth_user OWNER TO 'pfolio-backend-user-2';

--
-- Name: auth_user_groups; Type: TABLE; Schema: public; Owner: 'pfolio-backend-user-2'
--

CREATE TABLE public.auth_user_groups (
    id bigint NOT NULL,
    user_id integer NOT NULL,
    group_id integer NOT NULL
);


ALTER TABLE public.auth_user_groups OWNER TO 'pfolio-backend-user-2';

--
-- Name: auth_user_groups_id_seq; Type: SEQUENCE; Schema: public; Owner: 'pfolio-backend-user-2'
--

ALTER TABLE public.auth_user_groups ALTER COLUMN id ADD GENERATED BY DEFAULT AS IDENTITY (
    SEQUENCE NAME public.auth_user_groups_id_seq
    START WITH 1
    INCREMENT BY 1
    NO MINVALUE
    NO MAXVALUE
    CACHE 1
);


--
-- Name: auth_user_id_seq; Type: SEQUENCE; Schema: public; Owner: 'pfolio-backend-user-2'
--

ALTER TABLE public.auth_user ALTER COLUMN id ADD GENERATED BY DEFAULT AS IDENTITY (
    SEQUENCE NAME public.auth_user_id_seq
    START WITH 1
    INCREMENT BY 1
    NO MINVALUE
    NO MAXVALUE
    CACHE 1
);


--
-- Name: auth_user_user_permissions; Type: TABLE; Schema: public; Owner: 'pfolio-backend-user-2'
--

CREATE TABLE public.auth_user_user_permissions (
    id bigint NOT NULL,
    user_id integer NOT NULL,
    permission_id integer NOT NULL
);


ALTER TABLE public.auth_user_user_permissions OWNER TO 'pfolio-backend-user-2';

--
-- Name: auth_user_user_permissions_id_seq; Type: SEQUENCE; Schema: public; Owner: 'pfolio-backend-user-2'
--

ALTER TABLE public.auth_user_user_permissions ALTER COLUMN id ADD GENERATED BY DEFAULT AS IDENTITY (
    SEQUENCE NAME public.auth_user_user_permissions_id_seq
    START WITH 1
    INCREMENT BY 1
    NO MINVALUE
    NO MAXVALUE
    CACHE 1
);


--
-- Name: contact_contact; Type: TABLE; Schema: public; Owner: 'pfolio-backend-user-2'
--

CREATE TABLE public.contact_contact (
    id bigint NOT NULL,
    address character varying(250) NOT NULL,
    email character varying(150) NOT NULL,
    latitude numeric(9,6) NOT NULL,
    longitude numeric(9,6) NOT NULL
);


ALTER TABLE public.contact_contact OWNER TO 'pfolio-backend-user-2';

--
-- Name: contact_contact_id_seq; Type: SEQUENCE; Schema: public; Owner: 'pfolio-backend-user-2'
--

ALTER TABLE public.contact_contact ALTER COLUMN id ADD GENERATED BY DEFAULT AS IDENTITY (
    SEQUENCE NAME public.contact_contact_id_seq
    START WITH 1
    INCREMENT BY 1
    NO MINVALUE
    NO MAXVALUE
    CACHE 1
);


--
-- Name: django_admin_log; Type: TABLE; Schema: public; Owner: 'pfolio-backend-user-2'
--

CREATE TABLE public.django_admin_log (
    id integer NOT NULL,
    action_time timestamp with time zone NOT NULL,
    object_id text,
    object_repr character varying(200) NOT NULL,
    action_flag smallint NOT NULL,
    change_message text NOT NULL,
    content_type_id integer,
    user_id integer NOT NULL,
    CONSTRAINT django_admin_log_action_flag_check CHECK ((action_flag >= 0))
);


ALTER TABLE public.django_admin_log OWNER TO 'pfolio-backend-user-2';

--
-- Name: django_admin_log_id_seq; Type: SEQUENCE; Schema: public; Owner: 'pfolio-backend-user-2'
--

ALTER TABLE public.django_admin_log ALTER COLUMN id ADD GENERATED BY DEFAULT AS IDENTITY (
    SEQUENCE NAME public.django_admin_log_id_seq
    START WITH 1
    INCREMENT BY 1
    NO MINVALUE
    NO MAXVALUE
    CACHE 1
);


--
-- Name: django_content_type; Type: TABLE; Schema: public; Owner: 'pfolio-backend-user-2'
--

CREATE TABLE public.django_content_type (
    id integer NOT NULL,
    app_label character varying(100) NOT NULL,
    model character varying(100) NOT NULL
);


ALTER TABLE public.django_content_type OWNER TO 'pfolio-backend-user-2';

--
-- Name: django_content_type_id_seq; Type: SEQUENCE; Schema: public; Owner: 'pfolio-backend-user-2'
--

ALTER TABLE public.django_content_type ALTER COLUMN id ADD GENERATED BY DEFAULT AS IDENTITY (
    SEQUENCE NAME public.django_content_type_id_seq
    START WITH 1
    INCREMENT BY 1
    NO MINVALUE
    NO MAXVALUE
    CACHE 1
);


--
-- Name: django_migrations; Type: TABLE; Schema: public; Owner: 'pfolio-backend-user-2'
--

CREATE TABLE public.django_migrations (
    id bigint NOT NULL,
    app character varying(255) NOT NULL,
    name character varying(255) NOT NULL,
    applied timestamp with time zone NOT NULL
);


ALTER TABLE public.django_migrations OWNER TO 'pfolio-backend-user-2';

--
-- Name: django_migrations_id_seq; Type: SEQUENCE; Schema: public; Owner: 'pfolio-backend-user-2'
--

ALTER TABLE public.django_migrations ALTER COLUMN id ADD GENERATED BY DEFAULT AS IDENTITY (
    SEQUENCE NAME public.django_migrations_id_seq
    START WITH 1
    INCREMENT BY 1
    NO MINVALUE
    NO MAXVALUE
    CACHE 1
);


--
-- Name: django_session; Type: TABLE; Schema: public; Owner: 'pfolio-backend-user-2'
--

CREATE TABLE public.django_session (
    session_key character varying(40) NOT NULL,
    session_data text NOT NULL,
    expire_date timestamp with time zone NOT NULL
);


ALTER TABLE public.django_session OWNER TO 'pfolio-backend-user-2';

--
-- Name: projects_project; Type: TABLE; Schema: public; Owner: 'pfolio-backend-user-2'
--

CREATE TABLE public.projects_project (
    id bigint NOT NULL,
    name character varying(100) NOT NULL,
    description character varying(200) NOT NULL,
    link character varying(250) NOT NULL,
    image character varying(100) NOT NULL,
    link_blog character varying(250) NOT NULL,
    blog character varying(250) NOT NULL
);


ALTER TABLE public.projects_project OWNER TO 'pfolio-backend-user-2';

--
-- Name: projects_project_id_seq; Type: SEQUENCE; Schema: public; Owner: 'pfolio-backend-user-2'
--

ALTER TABLE public.projects_project ALTER COLUMN id ADD GENERATED BY DEFAULT AS IDENTITY (
    SEQUENCE NAME public.projects_project_id_seq
    START WITH 1
    INCREMENT BY 1
    NO MINVALUE
    NO MAXVALUE
    CACHE 1
);


--
-- Name: projects_project_tags; Type: TABLE; Schema: public; Owner: 'pfolio-backend-user-2'
--

CREATE TABLE public.projects_project_tags (
    id bigint NOT NULL,
    project_id bigint NOT NULL,
    tag_id bigint NOT NULL
);


ALTER TABLE public.projects_project_tags OWNER TO 'pfolio-backend-user-2';

--
-- Name: projects_project_tags_id_seq; Type: SEQUENCE; Schema: public; Owner: 'pfolio-backend-user-2'
--

ALTER TABLE public.projects_project_tags ALTER COLUMN id ADD GENERATED BY DEFAULT AS IDENTITY (
    SEQUENCE NAME public.projects_project_tags_id_seq
    START WITH 1
    INCREMENT BY 1
    NO MINVALUE
    NO MAXVALUE
    CACHE 1
);


--
-- Name: projects_tag; Type: TABLE; Schema: public; Owner: 'pfolio-backend-user-2'
--

CREATE TABLE public.projects_tag (
    id bigint NOT NULL,
    name character varying(30) NOT NULL
);


ALTER TABLE public.projects_tag OWNER TO 'pfolio-backend-user-2';

--
-- Name: projects_tag_id_seq; Type: SEQUENCE; Schema: public; Owner: 'pfolio-backend-user-2'
--

ALTER TABLE public.projects_tag ALTER COLUMN id ADD GENERATED BY DEFAULT AS IDENTITY (
    SEQUENCE NAME public.projects_tag_id_seq
    START WITH 1
    INCREMENT BY 1
    NO MINVALUE
    NO MAXVALUE
    CACHE 1
);


--
-- Name: technologies_technology; Type: TABLE; Schema: public; Owner: 'pfolio-backend-user-2'
--

CREATE TABLE public.technologies_technology (
    id bigint NOT NULL,
    name character varying(100) NOT NULL,
    icon character varying(100) NOT NULL
);


ALTER TABLE public.technologies_technology OWNER TO 'pfolio-backend-user-2';

--
-- Name: technologies_technology_id_seq; Type: SEQUENCE; Schema: public; Owner: 'pfolio-backend-user-2'
--

ALTER TABLE public.technologies_technology ALTER COLUMN id ADD GENERATED BY DEFAULT AS IDENTITY (
    SEQUENCE NAME public.technologies_technology_id_seq
    START WITH 1
    INCREMENT BY 1
    NO MINVALUE
    NO MAXVALUE
    CACHE 1
);


--
-- Data for Name: about_about; Type: TABLE DATA; Schema: public; Owner: 'pfolio-backend-user-2'
--

COPY public.about_about (id, title, description, icon) FROM stdin;
1	acout 0	desc 0	palette
\.


--
-- Data for Name: auth_group; Type: TABLE DATA; Schema: public; Owner: 'pfolio-backend-user-2'
--

COPY public.auth_group (id, name) FROM stdin;
\.


--
-- Data for Name: auth_group_permissions; Type: TABLE DATA; Schema: public; Owner: 'pfolio-backend-user-2'
--

COPY public.auth_group_permissions (id, group_id, permission_id) FROM stdin;
\.


--
-- Data for Name: auth_permission; Type: TABLE DATA; Schema: public; Owner: 'pfolio-backend-user-2'
--

COPY public.auth_permission (id, name, content_type_id, codename) FROM stdin;
1	Can add log entry	1	add_logentry
2	Can change log entry	1	change_logentry
3	Can delete log entry	1	delete_logentry
4	Can view log entry	1	view_logentry
5	Can add permission	2	add_permission
6	Can change permission	2	change_permission
7	Can delete permission	2	delete_permission
8	Can view permission	2	view_permission
9	Can add group	3	add_group
10	Can change group	3	change_group
11	Can delete group	3	delete_group
12	Can view group	3	view_group
13	Can add user	4	add_user
14	Can change user	4	change_user
15	Can delete user	4	delete_user
16	Can view user	4	view_user
17	Can add content type	5	add_contenttype
18	Can change content type	5	change_contenttype
19	Can delete content type	5	delete_contenttype
20	Can view content type	5	view_contenttype
21	Can add session	6	add_session
22	Can change session	6	change_session
23	Can delete session	6	delete_session
24	Can view session	6	view_session
25	Can add About	7	add_about
26	Can change About	7	change_about
27	Can delete About	7	delete_about
28	Can view About	7	view_about
29	Can add tag	8	add_tag
30	Can change tag	8	change_tag
31	Can delete tag	8	delete_tag
32	Can view tag	8	view_tag
33	Can add project	9	add_project
34	Can change project	9	change_project
35	Can delete project	9	delete_project
36	Can view project	9	view_project
37	Can add Technology	10	add_technology
38	Can change Technology	10	change_technology
39	Can delete Technology	10	delete_technology
40	Can view Technology	10	view_technology
41	Can add Contact	11	add_contact
42	Can change Contact	11	change_contact
43	Can delete Contact	11	delete_contact
44	Can view Contact	11	view_contact
\.


--
-- Data for Name: auth_user; Type: TABLE DATA; Schema: public; Owner: 'pfolio-backend-user-2'
--

COPY public.auth_user (id, password, last_login, is_superuser, username, first_name, last_name, email, is_staff, is_active, date_joined) FROM stdin;
3	fgsfg8sfg5fgfsgzf	\N	t	admin1	rob	craig	rob.lockhart@yahoo.co.uk	t	t	2023-03-10 12:44:27.800197+00
4	fgsfg8sfg5fgfsgzf	2023-03-09 19:57:18.304477+00	t	admin2	rob	craig	rob.lockhart@yahoo.co.uk	t	t	2023-03-10 12:44:27.800197+00
5	pbkdf2_sha256$390000$wCHkZ7grYZuWswcX1f5H5N$p9qXtJLBW+S4x4LojnH5WiYg7L8In00NEHoyvdIy9Eo=	\N	t	pfolio-admin			rob.lockhart@yahoo.co.uk	t	t	2023-03-10 13:52:05.663086+00
2	pbkdf2_sha256$390000$lZ5nOHK3Nwtferh8oHERGi$BpFkGhGG/AnuLuAXheT+Cp6Xc8MYbPc7z0VIuk5OjCQ=	2023-03-24 19:31:17.379383+00	t	admin			rob.lockhart@yahoo.co.uk	t	t	2023-03-10 12:44:27.800197+00
1	pbkdf2_sha256$260000$0lJyJfBrH2OTvNS7GsGLPD$54YAgu+DlsR99IkGUuTVkmwp915K/JjPTZJvKc8F948=	2023-03-28 12:01:23.129943+00	t	'pfolio-backend-user-2'			rob.lockhart@yahoo.co.uk	t	t	2023-03-08 13:56:24.726372+00
6	pbkdf2_sha256$390000$Dx3rU57b4lBzpw3qW5UzGK$nuu7gFeLyvhn8zVq6ho0Ye3QS9AawlbE5J6ywpX8pWc=	2023-03-28 13:10:57.435358+00	t	heidless			rob.lockhart@yahoo.co.uk	t	t	2023-03-27 09:41:45.656439+00
\.


--
-- Data for Name: auth_user_groups; Type: TABLE DATA; Schema: public; Owner: 'pfolio-backend-user-2'
--

COPY public.auth_user_groups (id, user_id, group_id) FROM stdin;
\.


--
-- Data for Name: auth_user_user_permissions; Type: TABLE DATA; Schema: public; Owner: 'pfolio-backend-user-2'
--

COPY public.auth_user_user_permissions (id, user_id, permission_id) FROM stdin;
\.


--
-- Data for Name: contact_contact; Type: TABLE DATA; Schema: public; Owner: 'pfolio-backend-user-2'
--

COPY public.contact_contact (id, address, email, latitude, longitude) FROM stdin;
\.


--
-- Data for Name: django_admin_log; Type: TABLE DATA; Schema: public; Owner: 'pfolio-backend-user-2'
--

COPY public.django_admin_log (id, action_time, object_id, object_repr, action_flag, change_message, content_type_id, user_id) FROM stdin;
1	2023-03-08 14:03:15.284389+00	1	tag 0	1	[{"added": {}}]	8	1
2	2023-03-08 14:03:19.938221+00	1	project 0	1	[{"added": {}}]	9	1
3	2023-03-08 17:27:27.758803+00	2	project 2	1	[{"added": {}}]	9	1
4	2023-03-13 16:00:03.512963+00	1	acout 0	1	[{"added": {}}]	7	1
5	2023-03-24 19:47:50.975908+00	2	project 2	2	[{"changed": {"fields": ["Link blog"]}}]	9	2
6	2023-03-27 09:51:00.545154+00	2	project 2	2	[{"changed": {"fields": ["Link", "Blog"]}}]	9	6
7	2023-03-27 09:51:10.659773+00	2	project - test	2	[{"changed": {"fields": ["Name"]}}]	9	6
8	2023-03-27 13:50:51.253552+00	2	project - test	2	[{"changed": {"fields": ["Image"]}}]	9	6
9	2023-03-27 13:52:14.660471+00	1	project 0	2	[{"changed": {"fields": ["Image"]}}]	9	6
10	2023-03-27 14:04:42.992666+00	2	project - test	2	[{"changed": {"fields": ["Blog"]}}]	9	6
11	2023-03-27 14:07:25.375252+00	2	project - test	2	[]	9	6
12	2023-03-27 14:09:02.390519+00	1	project 0	2	[{"changed": {"fields": ["Blog"]}}]	9	6
13	2023-03-27 14:09:15.545659+00	1	project - test2	2	[{"changed": {"fields": ["Name"]}}]	9	6
\.


--
-- Data for Name: django_content_type; Type: TABLE DATA; Schema: public; Owner: 'pfolio-backend-user-2'
--

COPY public.django_content_type (id, app_label, model) FROM stdin;
1	admin	logentry
2	auth	permission
3	auth	group
4	auth	user
5	contenttypes	contenttype
6	sessions	session
7	about	about
8	projects	tag
9	projects	project
10	technologies	technology
11	contact	contact
\.


--
-- Data for Name: django_migrations; Type: TABLE DATA; Schema: public; Owner: 'pfolio-backend-user-2'
--

COPY public.django_migrations (id, app, name, applied) FROM stdin;
1	about	0001_initial	2023-03-08 12:30:26.770093+00
2	contenttypes	0001_initial	2023-03-08 12:30:26.791293+00
3	auth	0001_initial	2023-03-08 12:30:26.875864+00
4	admin	0001_initial	2023-03-08 12:30:26.904094+00
5	admin	0002_logentry_remove_auto_add	2023-03-08 12:30:26.914175+00
6	admin	0003_logentry_add_action_flag_choices	2023-03-08 12:30:26.923381+00
7	contenttypes	0002_remove_content_type_name	2023-03-08 12:30:26.941175+00
8	auth	0002_alter_permission_name_max_length	2023-03-08 12:30:26.951098+00
9	auth	0003_alter_user_email_max_length	2023-03-08 12:30:26.960727+00
10	auth	0004_alter_user_username_opts	2023-03-08 12:30:26.969441+00
11	auth	0005_alter_user_last_login_null	2023-03-08 12:30:26.980396+00
12	auth	0006_require_contenttypes_0002	2023-03-08 12:30:26.984311+00
13	auth	0007_alter_validators_add_error_messages	2023-03-08 12:30:26.998098+00
14	auth	0008_alter_user_username_max_length	2023-03-08 12:30:27.013181+00
15	auth	0009_alter_user_last_name_max_length	2023-03-08 12:30:27.024402+00
16	auth	0010_alter_group_name_max_length	2023-03-08 12:30:27.035848+00
17	auth	0011_update_proxy_permissions	2023-03-08 12:30:27.045251+00
18	auth	0012_alter_user_first_name_max_length	2023-03-08 12:30:27.052609+00
19	contact	0001_initial	2023-03-08 12:30:27.060698+00
20	projects	0001_initial	2023-03-08 12:30:27.09097+00
21	sessions	0001_initial	2023-03-08 12:30:27.105888+00
22	technologies	0001_initial	2023-03-08 12:30:27.114335+00
23	projects	0002_project_link_blog	2023-03-24 19:45:21.144326+00
24	projects	0003_project_blog_alter_project_link_blog	2023-03-27 09:48:22.665163+00
\.


--
-- Data for Name: django_session; Type: TABLE DATA; Schema: public; Owner: 'pfolio-backend-user-2'
--

COPY public.django_session (session_key, session_data, expire_date) FROM stdin;
d8cx6csmi96lbg6fiafctdgqvcdn3o71	.eJxVjEEOwiAUBe_C2hBArMWl-56B_M9_laqhSWlXxrsrSRe6nZnMS0Xa1hy3iiVOoi7KqsMvY0oPlCbkTuU26zSXdZlYt0TvtuphFjyve_s3yFRz257JwDs6seEURkLoxQd0wXqBlS_oCTwaMIJB58wRPllO8N4JMdT7AxPMOaA:1pbkZi:cKTJpP6TEmL2RmixzagYNJmZNVi0QDpnT1D93rVG_yQ	2023-03-27 15:59:02.995411+00
w4tljc5kv33gzwpnrixv4l5o9ofg4aar	.eJxVjMEOwiAQRP-FsyFlKa149O43kF1YpGogKe3J-O_SpIf2OPPezFc4XJfk1sqzm4K4CRCXY0fo35w3EF6Yn0X6kpd5IrkpcqdVPkrgz313TwcJa2prPRgDEXsgoxGUgU6Phry2EMYIiFelIymP3pJVPduhAwwcWwZuNonfH80yN-U:1pfn89:J5Az9CEkwoisCXssbxF7nznIb9H8o8egnZNQDLjJNIs	2023-04-07 19:31:17.386314+00
hqwpgoi6h31inkl7so18rmr79nk1tphq	.eJxVjDEOwyAQBP9CHSEOwwEp0_sNFseh4CQCydhVlL_HllwkzRY7s_sWU9zWMm09L9PM4ipAXH47iumZ6wH4Eeu9ydTquswkD0WetMuxcX7dTvfvoMRe9rVFR6AIjNfWuBzAcAxAag9DHjWTcZi1Jc-ZFAfPaBMqi6AZhiGIzxe9wzbf:1ph80x:Qfdt8u6I6nMasAV4zotPgd8F20tZ-Y72bPB0Cj7azfw	2023-04-11 12:01:23.132525+00
49lb36u26m6v88c8aqzyf1eihqfv1489	.eJxVjDsOwjAQBe_iGlmsf9iU9JzB2vVucAA5UpxUiLtDpBTQvpl5L5VxXWpeu8x5ZHVWQR1-N8LykLYBvmO7TbpMbZlH0puid9r1dWJ5Xnb376Bir9-6EFBKIGyZHfho0JIpIQGjEWMDADL409FRHARSjCl4cJSKsXaI5NT7A-VFN3E:1ph96H:ESQNLzP-RcA7BjggN3k2VbHdsfDM173NrU7zF5acSRY	2023-04-11 13:10:57.437936+00
\.


--
-- Data for Name: projects_project; Type: TABLE DATA; Schema: public; Owner: 'pfolio-backend-user-2'
--

COPY public.projects_project (id, name, description, link, image, link_blog, blog) FROM stdin;
2	project - test	Launch your site with cofidence & adapt as your Business & the Web evolves	http://yahoo.co.uk	images/sourdonista-paperback-cover-red-0-1.webp	https://master--scrumming-it.netlify.app/posts/about-me-0/	https://github.com/BobsProgrammingAcademy/portfolio-website
1	project - test2	I create Attractive, Functional & Scaleable websites with a focus on After Care & Support	#	images/c86erz-roundel.png	2023-03-24 19:45:21.128425+00:00	https://github.com/BobsProgrammingAcademy/portfolio-website
\.


--
-- Data for Name: projects_project_tags; Type: TABLE DATA; Schema: public; Owner: 'pfolio-backend-user-2'
--

COPY public.projects_project_tags (id, project_id, tag_id) FROM stdin;
1	1	1
2	2	1
\.


--
-- Data for Name: projects_tag; Type: TABLE DATA; Schema: public; Owner: 'pfolio-backend-user-2'
--

COPY public.projects_tag (id, name) FROM stdin;
1	tag 0
\.


--
-- Data for Name: technologies_technology; Type: TABLE DATA; Schema: public; Owner: 'pfolio-backend-user-2'
--

COPY public.technologies_technology (id, name, icon) FROM stdin;
\.


--
-- Name: about_about_id_seq; Type: SEQUENCE SET; Schema: public; Owner: 'pfolio-backend-user-2'
--

SELECT pg_catalog.setval('public.about_about_id_seq', 1, true);


--
-- Name: auth_group_id_seq; Type: SEQUENCE SET; Schema: public; Owner: 'pfolio-backend-user-2'
--

SELECT pg_catalog.setval('public.auth_group_id_seq', 1, false);


--
-- Name: auth_group_permissions_id_seq; Type: SEQUENCE SET; Schema: public; Owner: 'pfolio-backend-user-2'
--

SELECT pg_catalog.setval('public.auth_group_permissions_id_seq', 1, false);


--
-- Name: auth_permission_id_seq; Type: SEQUENCE SET; Schema: public; Owner: 'pfolio-backend-user-2'
--

SELECT pg_catalog.setval('public.auth_permission_id_seq', 44, true);


--
-- Name: auth_user_groups_id_seq; Type: SEQUENCE SET; Schema: public; Owner: 'pfolio-backend-user-2'
--

SELECT pg_catalog.setval('public.auth_user_groups_id_seq', 1, false);


--
-- Name: auth_user_id_seq; Type: SEQUENCE SET; Schema: public; Owner: 'pfolio-backend-user-2'
--

SELECT pg_catalog.setval('public.auth_user_id_seq', 6, true);


--
-- Name: auth_user_user_permissions_id_seq; Type: SEQUENCE SET; Schema: public; Owner: 'pfolio-backend-user-2'
--

SELECT pg_catalog.setval('public.auth_user_user_permissions_id_seq', 1, false);


--
-- Name: contact_contact_id_seq; Type: SEQUENCE SET; Schema: public; Owner: 'pfolio-backend-user-2'
--

SELECT pg_catalog.setval('public.contact_contact_id_seq', 1, false);


--
-- Name: django_admin_log_id_seq; Type: SEQUENCE SET; Schema: public; Owner: 'pfolio-backend-user-2'
--

SELECT pg_catalog.setval('public.django_admin_log_id_seq', 13, true);


--
-- Name: django_content_type_id_seq; Type: SEQUENCE SET; Schema: public; Owner: 'pfolio-backend-user-2'
--

SELECT pg_catalog.setval('public.django_content_type_id_seq', 11, true);


--
-- Name: django_migrations_id_seq; Type: SEQUENCE SET; Schema: public; Owner: 'pfolio-backend-user-2'
--

SELECT pg_catalog.setval('public.django_migrations_id_seq', 24, true);


--
-- Name: projects_project_id_seq; Type: SEQUENCE SET; Schema: public; Owner: 'pfolio-backend-user-2'
--

SELECT pg_catalog.setval('public.projects_project_id_seq', 2, true);


--
-- Name: projects_project_tags_id_seq; Type: SEQUENCE SET; Schema: public; Owner: 'pfolio-backend-user-2'
--

SELECT pg_catalog.setval('public.projects_project_tags_id_seq', 2, true);


--
-- Name: projects_tag_id_seq; Type: SEQUENCE SET; Schema: public; Owner: 'pfolio-backend-user-2'
--

SELECT pg_catalog.setval('public.projects_tag_id_seq', 1, true);


--
-- Name: technologies_technology_id_seq; Type: SEQUENCE SET; Schema: public; Owner: 'pfolio-backend-user-2'
--

SELECT pg_catalog.setval('public.technologies_technology_id_seq', 1, false);


--
-- Name: about_about about_about_pkey; Type: CONSTRAINT; Schema: public; Owner: 'pfolio-backend-user-2'
--

ALTER TABLE ONLY public.about_about
    ADD CONSTRAINT about_about_pkey PRIMARY KEY (id);


--
-- Name: auth_group auth_group_name_key; Type: CONSTRAINT; Schema: public; Owner: 'pfolio-backend-user-2'
--

ALTER TABLE ONLY public.auth_group
    ADD CONSTRAINT auth_group_name_key UNIQUE (name);


--
-- Name: auth_group_permissions auth_group_permissions_group_id_permission_id_0cd325b0_uniq; Type: CONSTRAINT; Schema: public; Owner: 'pfolio-backend-user-2'
--

ALTER TABLE ONLY public.auth_group_permissions
    ADD CONSTRAINT auth_group_permissions_group_id_permission_id_0cd325b0_uniq UNIQUE (group_id, permission_id);


--
-- Name: auth_group_permissions auth_group_permissions_pkey; Type: CONSTRAINT; Schema: public; Owner: 'pfolio-backend-user-2'
--

ALTER TABLE ONLY public.auth_group_permissions
    ADD CONSTRAINT auth_group_permissions_pkey PRIMARY KEY (id);


--
-- Name: auth_group auth_group_pkey; Type: CONSTRAINT; Schema: public; Owner: 'pfolio-backend-user-2'
--

ALTER TABLE ONLY public.auth_group
    ADD CONSTRAINT auth_group_pkey PRIMARY KEY (id);


--
-- Name: auth_permission auth_permission_content_type_id_codename_01ab375a_uniq; Type: CONSTRAINT; Schema: public; Owner: 'pfolio-backend-user-2'
--

ALTER TABLE ONLY public.auth_permission
    ADD CONSTRAINT auth_permission_content_type_id_codename_01ab375a_uniq UNIQUE (content_type_id, codename);


--
-- Name: auth_permission auth_permission_pkey; Type: CONSTRAINT; Schema: public; Owner: 'pfolio-backend-user-2'
--

ALTER TABLE ONLY public.auth_permission
    ADD CONSTRAINT auth_permission_pkey PRIMARY KEY (id);


--
-- Name: auth_user_groups auth_user_groups_pkey; Type: CONSTRAINT; Schema: public; Owner: 'pfolio-backend-user-2'
--

ALTER TABLE ONLY public.auth_user_groups
    ADD CONSTRAINT auth_user_groups_pkey PRIMARY KEY (id);


--
-- Name: auth_user_groups auth_user_groups_user_id_group_id_94350c0c_uniq; Type: CONSTRAINT; Schema: public; Owner: 'pfolio-backend-user-2'
--

ALTER TABLE ONLY public.auth_user_groups
    ADD CONSTRAINT auth_user_groups_user_id_group_id_94350c0c_uniq UNIQUE (user_id, group_id);


--
-- Name: auth_user auth_user_pkey; Type: CONSTRAINT; Schema: public; Owner: 'pfolio-backend-user-2'
--

ALTER TABLE ONLY public.auth_user
    ADD CONSTRAINT auth_user_pkey PRIMARY KEY (id);


--
-- Name: auth_user_user_permissions auth_user_user_permissions_pkey; Type: CONSTRAINT; Schema: public; Owner: 'pfolio-backend-user-2'
--

ALTER TABLE ONLY public.auth_user_user_permissions
    ADD CONSTRAINT auth_user_user_permissions_pkey PRIMARY KEY (id);


--
-- Name: auth_user_user_permissions auth_user_user_permissions_user_id_permission_id_14a6b632_uniq; Type: CONSTRAINT; Schema: public; Owner: 'pfolio-backend-user-2'
--

ALTER TABLE ONLY public.auth_user_user_permissions
    ADD CONSTRAINT auth_user_user_permissions_user_id_permission_id_14a6b632_uniq UNIQUE (user_id, permission_id);


--
-- Name: auth_user auth_user_username_key; Type: CONSTRAINT; Schema: public; Owner: 'pfolio-backend-user-2'
--

ALTER TABLE ONLY public.auth_user
    ADD CONSTRAINT auth_user_username_key UNIQUE (username);


--
-- Name: contact_contact contact_contact_pkey; Type: CONSTRAINT; Schema: public; Owner: 'pfolio-backend-user-2'
--

ALTER TABLE ONLY public.contact_contact
    ADD CONSTRAINT contact_contact_pkey PRIMARY KEY (id);


--
-- Name: django_admin_log django_admin_log_pkey; Type: CONSTRAINT; Schema: public; Owner: 'pfolio-backend-user-2'
--

ALTER TABLE ONLY public.django_admin_log
    ADD CONSTRAINT django_admin_log_pkey PRIMARY KEY (id);


--
-- Name: django_content_type django_content_type_app_label_model_76bd3d3b_uniq; Type: CONSTRAINT; Schema: public; Owner: 'pfolio-backend-user-2'
--

ALTER TABLE ONLY public.django_content_type
    ADD CONSTRAINT django_content_type_app_label_model_76bd3d3b_uniq UNIQUE (app_label, model);


--
-- Name: django_content_type django_content_type_pkey; Type: CONSTRAINT; Schema: public; Owner: 'pfolio-backend-user-2'
--

ALTER TABLE ONLY public.django_content_type
    ADD CONSTRAINT django_content_type_pkey PRIMARY KEY (id);


--
-- Name: django_migrations django_migrations_pkey; Type: CONSTRAINT; Schema: public; Owner: 'pfolio-backend-user-2'
--

ALTER TABLE ONLY public.django_migrations
    ADD CONSTRAINT django_migrations_pkey PRIMARY KEY (id);


--
-- Name: django_session django_session_pkey; Type: CONSTRAINT; Schema: public; Owner: 'pfolio-backend-user-2'
--

ALTER TABLE ONLY public.django_session
    ADD CONSTRAINT django_session_pkey PRIMARY KEY (session_key);


--
-- Name: projects_project projects_project_pkey; Type: CONSTRAINT; Schema: public; Owner: 'pfolio-backend-user-2'
--

ALTER TABLE ONLY public.projects_project
    ADD CONSTRAINT projects_project_pkey PRIMARY KEY (id);


--
-- Name: projects_project_tags projects_project_tags_pkey; Type: CONSTRAINT; Schema: public; Owner: 'pfolio-backend-user-2'
--

ALTER TABLE ONLY public.projects_project_tags
    ADD CONSTRAINT projects_project_tags_pkey PRIMARY KEY (id);


--
-- Name: projects_project_tags projects_project_tags_project_id_tag_id_5891719a_uniq; Type: CONSTRAINT; Schema: public; Owner: 'pfolio-backend-user-2'
--

ALTER TABLE ONLY public.projects_project_tags
    ADD CONSTRAINT projects_project_tags_project_id_tag_id_5891719a_uniq UNIQUE (project_id, tag_id);


--
-- Name: projects_tag projects_tag_pkey; Type: CONSTRAINT; Schema: public; Owner: 'pfolio-backend-user-2'
--

ALTER TABLE ONLY public.projects_tag
    ADD CONSTRAINT projects_tag_pkey PRIMARY KEY (id);


--
-- Name: technologies_technology technologies_technology_pkey; Type: CONSTRAINT; Schema: public; Owner: 'pfolio-backend-user-2'
--

ALTER TABLE ONLY public.technologies_technology
    ADD CONSTRAINT technologies_technology_pkey PRIMARY KEY (id);


--
-- Name: auth_group_name_a6ea08ec_like; Type: INDEX; Schema: public; Owner: 'pfolio-backend-user-2'
--

CREATE INDEX auth_group_name_a6ea08ec_like ON public.auth_group USING btree (name varchar_pattern_ops);


--
-- Name: auth_group_permissions_group_id_b120cbf9; Type: INDEX; Schema: public; Owner: 'pfolio-backend-user-2'
--

CREATE INDEX auth_group_permissions_group_id_b120cbf9 ON public.auth_group_permissions USING btree (group_id);


--
-- Name: auth_group_permissions_permission_id_84c5c92e; Type: INDEX; Schema: public; Owner: 'pfolio-backend-user-2'
--

CREATE INDEX auth_group_permissions_permission_id_84c5c92e ON public.auth_group_permissions USING btree (permission_id);


--
-- Name: auth_permission_content_type_id_2f476e4b; Type: INDEX; Schema: public; Owner: 'pfolio-backend-user-2'
--

CREATE INDEX auth_permission_content_type_id_2f476e4b ON public.auth_permission USING btree (content_type_id);


--
-- Name: auth_user_groups_group_id_97559544; Type: INDEX; Schema: public; Owner: 'pfolio-backend-user-2'
--

CREATE INDEX auth_user_groups_group_id_97559544 ON public.auth_user_groups USING btree (group_id);


--
-- Name: auth_user_groups_user_id_6a12ed8b; Type: INDEX; Schema: public; Owner: 'pfolio-backend-user-2'
--

CREATE INDEX auth_user_groups_user_id_6a12ed8b ON public.auth_user_groups USING btree (user_id);


--
-- Name: auth_user_user_permissions_permission_id_1fbb5f2c; Type: INDEX; Schema: public; Owner: 'pfolio-backend-user-2'
--

CREATE INDEX auth_user_user_permissions_permission_id_1fbb5f2c ON public.auth_user_user_permissions USING btree (permission_id);


--
-- Name: auth_user_user_permissions_user_id_a95ead1b; Type: INDEX; Schema: public; Owner: 'pfolio-backend-user-2'
--

CREATE INDEX auth_user_user_permissions_user_id_a95ead1b ON public.auth_user_user_permissions USING btree (user_id);


--
-- Name: auth_user_username_6821ab7c_like; Type: INDEX; Schema: public; Owner: 'pfolio-backend-user-2'
--

CREATE INDEX auth_user_username_6821ab7c_like ON public.auth_user USING btree (username varchar_pattern_ops);


--
-- Name: django_admin_log_content_type_id_c4bce8eb; Type: INDEX; Schema: public; Owner: 'pfolio-backend-user-2'
--

CREATE INDEX django_admin_log_content_type_id_c4bce8eb ON public.django_admin_log USING btree (content_type_id);


--
-- Name: django_admin_log_user_id_c564eba6; Type: INDEX; Schema: public; Owner: 'pfolio-backend-user-2'
--

CREATE INDEX django_admin_log_user_id_c564eba6 ON public.django_admin_log USING btree (user_id);


--
-- Name: django_session_expire_date_a5c62663; Type: INDEX; Schema: public; Owner: 'pfolio-backend-user-2'
--

CREATE INDEX django_session_expire_date_a5c62663 ON public.django_session USING btree (expire_date);


--
-- Name: django_session_session_key_c0390e0f_like; Type: INDEX; Schema: public; Owner: 'pfolio-backend-user-2'
--

CREATE INDEX django_session_session_key_c0390e0f_like ON public.django_session USING btree (session_key varchar_pattern_ops);


--
-- Name: projects_project_tags_project_id_9bbfa17b; Type: INDEX; Schema: public; Owner: 'pfolio-backend-user-2'
--

CREATE INDEX projects_project_tags_project_id_9bbfa17b ON public.projects_project_tags USING btree (project_id);


--
-- Name: projects_project_tags_tag_id_c949773d; Type: INDEX; Schema: public; Owner: 'pfolio-backend-user-2'
--

CREATE INDEX projects_project_tags_tag_id_c949773d ON public.projects_project_tags USING btree (tag_id);


--
-- Name: auth_group_permissions auth_group_permissio_permission_id_84c5c92e_fk_auth_perm; Type: FK CONSTRAINT; Schema: public; Owner: 'pfolio-backend-user-2'
--

ALTER TABLE ONLY public.auth_group_permissions
    ADD CONSTRAINT auth_group_permissio_permission_id_84c5c92e_fk_auth_perm FOREIGN KEY (permission_id) REFERENCES public.auth_permission(id) DEFERRABLE INITIALLY DEFERRED;


--
-- Name: auth_group_permissions auth_group_permissions_group_id_b120cbf9_fk_auth_group_id; Type: FK CONSTRAINT; Schema: public; Owner: 'pfolio-backend-user-2'
--

ALTER TABLE ONLY public.auth_group_permissions
    ADD CONSTRAINT auth_group_permissions_group_id_b120cbf9_fk_auth_group_id FOREIGN KEY (group_id) REFERENCES public.auth_group(id) DEFERRABLE INITIALLY DEFERRED;


--
-- Name: auth_permission auth_permission_content_type_id_2f476e4b_fk_django_co; Type: FK CONSTRAINT; Schema: public; Owner: 'pfolio-backend-user-2'
--

ALTER TABLE ONLY public.auth_permission
    ADD CONSTRAINT auth_permission_content_type_id_2f476e4b_fk_django_co FOREIGN KEY (content_type_id) REFERENCES public.django_content_type(id) DEFERRABLE INITIALLY DEFERRED;


--
-- Name: auth_user_groups auth_user_groups_group_id_97559544_fk_auth_group_id; Type: FK CONSTRAINT; Schema: public; Owner: 'pfolio-backend-user-2'
--

ALTER TABLE ONLY public.auth_user_groups
    ADD CONSTRAINT auth_user_groups_group_id_97559544_fk_auth_group_id FOREIGN KEY (group_id) REFERENCES public.auth_group(id) DEFERRABLE INITIALLY DEFERRED;


--
-- Name: auth_user_groups auth_user_groups_user_id_6a12ed8b_fk_auth_user_id; Type: FK CONSTRAINT; Schema: public; Owner: 'pfolio-backend-user-2'
--

ALTER TABLE ONLY public.auth_user_groups
    ADD CONSTRAINT auth_user_groups_user_id_6a12ed8b_fk_auth_user_id FOREIGN KEY (user_id) REFERENCES public.auth_user(id) DEFERRABLE INITIALLY DEFERRED;


--
-- Name: auth_user_user_permissions auth_user_user_permi_permission_id_1fbb5f2c_fk_auth_perm; Type: FK CONSTRAINT; Schema: public; Owner: 'pfolio-backend-user-2'
--

ALTER TABLE ONLY public.auth_user_user_permissions
    ADD CONSTRAINT auth_user_user_permi_permission_id_1fbb5f2c_fk_auth_perm FOREIGN KEY (permission_id) REFERENCES public.auth_permission(id) DEFERRABLE INITIALLY DEFERRED;


--
-- Name: auth_user_user_permissions auth_user_user_permissions_user_id_a95ead1b_fk_auth_user_id; Type: FK CONSTRAINT; Schema: public; Owner: 'pfolio-backend-user-2'
--

ALTER TABLE ONLY public.auth_user_user_permissions
    ADD CONSTRAINT auth_user_user_permissions_user_id_a95ead1b_fk_auth_user_id FOREIGN KEY (user_id) REFERENCES public.auth_user(id) DEFERRABLE INITIALLY DEFERRED;


--
-- Name: django_admin_log django_admin_log_content_type_id_c4bce8eb_fk_django_co; Type: FK CONSTRAINT; Schema: public; Owner: 'pfolio-backend-user-2'
--

ALTER TABLE ONLY public.django_admin_log
    ADD CONSTRAINT django_admin_log_content_type_id_c4bce8eb_fk_django_co FOREIGN KEY (content_type_id) REFERENCES public.django_content_type(id) DEFERRABLE INITIALLY DEFERRED;


--
-- Name: django_admin_log django_admin_log_user_id_c564eba6_fk_auth_user_id; Type: FK CONSTRAINT; Schema: public; Owner: 'pfolio-backend-user-2'
--

ALTER TABLE ONLY public.django_admin_log
    ADD CONSTRAINT django_admin_log_user_id_c564eba6_fk_auth_user_id FOREIGN KEY (user_id) REFERENCES public.auth_user(id) DEFERRABLE INITIALLY DEFERRED;


--
-- Name: projects_project_tags projects_project_tag_project_id_9bbfa17b_fk_projects_; Type: FK CONSTRAINT; Schema: public; Owner: 'pfolio-backend-user-2'
--

ALTER TABLE ONLY public.projects_project_tags
    ADD CONSTRAINT projects_project_tag_project_id_9bbfa17b_fk_projects_ FOREIGN KEY (project_id) REFERENCES public.projects_project(id) DEFERRABLE INITIALLY DEFERRED;


--
-- Name: projects_project_tags projects_project_tags_tag_id_c949773d_fk_projects_tag_id; Type: FK CONSTRAINT; Schema: public; Owner: 'pfolio-backend-user-2'
--

ALTER TABLE ONLY public.projects_project_tags
    ADD CONSTRAINT projects_project_tags_tag_id_c949773d_fk_projects_tag_id FOREIGN KEY (tag_id) REFERENCES public.projects_tag(id) DEFERRABLE INITIALLY DEFERRED;


--
-- PostgreSQL database dump complete
--

